Metric,Value
Test Accuracy,84.21052631578947
CV Mean Accuracy,89.33333333333333
CV Std,6.798692684790378
